female,race_white,race_black,race_hisp,race_asian,educ,age,income,region,dem,rep,ideology,interest_pol,conf_wh,conf_cong,conf_sc,conf_mil,conf_crim,conf_med,conf_wh_w2,conf_cong_w2,conf_sc_w2,conf_mil_w2,conf_crim_w2,conf_med_w2,news_nat,fake_news,fox_news,breit_news,tot_news,fake_exp,conf_gov,conf_gov_w2,weight
1,1,0,0,0,4,54,4,3,0,1,5,4,5,4,4,5,4,2,5,4,4,5,4,3,4,1,0,0,6.935370446,Exposed,4.4,4.4,0.4
1,1,0,0,0,3,65,13,1,0,0,2,5,1,2,1,4,2,1,1,2,2,4,3,1,4,1,1,0,6.381816017,Not exposed,2,2.4,1.173966645
0,1,0,0,0,3,88,7,3,0,1,5,4,4,2,3,4,3,3,4,2,4,5,3,3,4,1,1,1,4.158883083,Exposed,3.2,3.6,0.865845165
0,0,1,0,0,6,78,2,3,1,0,1,5,1,2,3,5,1,1,1,2,3,4,1,2,4,0,0,0,5.420534999,Not exposed,2.4,2.2,0.624605333
1,0,1,0,0,2,66,9,1,1,0,2,5,1,1,2,3,2,2,1,4,3,2,3,1,4,1,0,0,7.407924323,Exposed,1.8,2.6,4
1,0,0,0,0,3,32,6,1,0,0,1,5,2,2,2,3,2,4,4,3,2,2,2,4,4,1,1,0,6.7310181,Exposed,2.2,2.6,0.4
1,1,0,0,0,3,21,3,4,0,0,4,2,2,3,1,4,2,4,2,3,2,4,3,4,1,0,1,0,5.659482216,Exposed,2.4,2.8,1.179430663
0,1,0,0,0,2,64,3,2,0,0,3,4,3,3,4,4,3,2,3,3,4,4,3,2,3,0,0,0,5.332718793,Not exposed,3.4,3.4,1.5232744
0,1,0,0,0,2,52,3,2,0,1,3,1,3,3,3,4,3,3,3,3,4,5,4,3,1,0,0,0,4.025351691,Not exposed,3.2,3.8,1.5232744
1,1,0,0,0,5,57,6,2,0,1,5,3,3,3,3,3,3,3,3,3,3,3,3,3,2,1,1,1,5.407171771,Exposed,3,3,0.52441144
0,1,0,0,0,6,84,9,4,1,0,1,5,2,2,2,2,3,1,1,2,3,4,4,1,4,1,0,0,7.217443432,Not exposed,2.2,2.8,0.898553283
1,0,1,0,0,3,64,2,3,1,0,2,5,1,1,2,3,2,2,1,1,3,3,1,2,4,1,1,0,8.637993892,Exposed,1.8,1.8,0.752821553
0,0,1,0,0,5,68,2,2,0,0,3,2,2,2,2,3,2,2,2,2,2,3,2,2,3,1,0,0,5.049856007,Not exposed,2.2,2.2,1.484576257
0,0,0,1,0,6,40,16,4,1,0,4,5,1,2,2,2,3,2,1,1,2,4,1,4,4,0,0,0,6.142037406,Not exposed,2,1.8,3.111030051
0,1,0,0,0,5,76,8,4,0,0,3,5,1,2,1,2,3,2,1,2,1,2,2,2,4,0,1,1,6.859614904,Exposed,1.8,1.6,1.249377162
0,1,0,0,0,6,70,11,3,0,0,4,5,3,1,3,4,2,4,3,1,4,3,2,3,4,1,1,0,8.288031568,Exposed,2.6,2.6,0.4
1,1,0,0,0,5,69,5,3,1,0,1,5,1,1,1,3,2,2,1,1,2,4,2,2,4,1,0,0,7.375882148,Exposed,1.6,2,0.793727626
0,1,0,0,0,3,49,10,3,0,1,4,3,4,3,4,5,3,4,4,2,3,5,4,4,3,1,1,1,6.974478911,Exposed,3.8,3.6,0.4
1,1,0,0,0,5,61,8,1,1,0,4,2,1,1,1,4,1,2,1,1,1,1,3,3,2,0,0,0,3.044522438,Not exposed,1.6,1.4,0.4
1,1,0,0,0,3,60,6,1,0,0,2,2,2,2,2,3,2,3,2,1,2,5,2,3,2,1,1,0,2.397895273,Not exposed,2.2,2.4,0.454221598
1,0,1,0,0,3,37,1,3,0,1,3,3,3,4,4,3,2,1,4,3,4,3,3,2,2,0,1,0,4.941642423,Not exposed,3.2,3.4,1.035234675
0,1,0,0,0,5,71,2,2,0,0,4,2,4,3,3,4,3,3,4,2,3,4,3,3,3,0,0,0,1.386294361,Not exposed,3.4,3.2,0.944629419
0,1,0,0,0,2,51,2,1,1,0,2,2,1,1,3,3,3,2,1,1,3,4,3,1,2,0,0,0,5.877735782,Not exposed,2.2,2.4,0.83927308
0,1,0,0,0,6,65,7,2,0,0,1,5,1,1,1,1,1,3,1,2,2,1,1,3,4,1,1,0,7.480992163,Exposed,1,1.4,0.680178933
0,0,0,1,0,6,41,10,4,1,0,1,5,1,2,2,2,2,2,1,2,2,1,2,2,4,1,0,0,5.459585514,Exposed,1.8,1.6,3.111030051
1,1,0,0,0,6,41,4,3,0,0,4,4,2,2,3,3,3,2,1,1,2,3,3,2,3,0,0,0,1.609437912,Not exposed,2.6,2,0.4
0,0,0,0,0,6,25,1,4,0,0,2,5,1,1,2,1,2,2,2,2,2,2,2,1,4,0,0,0,4.17438727,Not exposed,1.4,2,0.4
0,1,0,0,0,3,60,5,4,1,0,2,5,1,2,3,4,2,1,1,3,3,5,3,1,4,1,0,0,7.634337236,Not exposed,2.4,3,0.754639337
1,1,0,0,0,5,30,4,3,1,0,1,4,3,3,3,3,4,3,2,3,3,2,3,2,3,1,0,0,5.323009979,Exposed,3.2,2.6,0.422903985
1,0,1,0,0,2,24,6,3,1,0,1,1,1,1,1,2,2,2,2,2,2,2,2,2,1,0,0,0,5.247024072,Not exposed,1.4,2,2.18999455
1,0,0,0,1,5,24,9,2,1,0,1,5,3,3,4,3,3,3,3,4,2,4,1,2,4,0,0,0,4.290459441,Not exposed,3.2,2.8,1.177700889
1,1,0,0,0,3,75,3,3,1,0,2,5,1,2,4,5,3,2,1,2,3,5,3,1,4,0,1,1,7.451241685,Exposed,3,2.8,1.24457423
1,1,0,0,0,5,63,9,2,1,0,2,4,1,2,2,3,2,2,1,2,3,3,2,2,4,1,0,0,7.226936018,Exposed,2,2.2,0.52441144
0,1,0,0,0,6,51,10,3,0,1,5,5,2,2,2,3,3,4,2,1,1,2,3,4,3,0,1,1,6.762729507,Exposed,2.4,1.8,0.4
1,1,0,0,0,6,34,11,3,1,0,1,5,1,1,3,3,3,2,1,3,3,3,2,2,4,1,1,1,7.199678346,Exposed,2.2,2.4,0.4
1,1,0,0,0,3,57,9,4,1,0,2,5,1,2,1,3,3,2,1,2,2,3,3,2,4,1,0,1,5.676753802,Exposed,2,2.2,1.084066551
1,1,0,0,0,3,36,3,2,0,0,1,3,3,3,4,5,2,3,3,3,3,4,2,3,4,1,0,0,6.047372179,Not exposed,3.4,3,1.128033707
1,0,0,0,0,4,63,2,4,1,0,2,4,1,1,1,1,1,2,1,2,2,2,2,2,4,1,0,0,5.932245187,Not exposed,1,1.8,0.4
0,1,0,0,0,6,30,2,1,1,0,1,5,1,1,1,1,1,3,1,3,1,1,2,2,4,1,1,0,7.957527402,Exposed,1,1.6,0.4
0,1,0,0,0,6,37,9,2,0,0,1,5,1,2,2,3,3,2,1,2,2,3,3,2,4,1,0,0,6.458338283,Not exposed,2.2,2.2,0.4
0,1,0,0,0,6,68,11,3,0,0,4,5,4,2,3,5,2,4,4,3,3,5,2,3,4,0,1,1,7.909489493,Exposed,3.2,3.4,0.4
0,1,0,0,0,1,70,8,3,1,0,2,4,1,1,2,3,3,1,1,1,2,3,3,2,3,0,1,0,7.851661178,Exposed,2,2,4
0,1,0,0,0,5,52,6,3,1,0,1,2,1,2,2,3,2,3,2,2,2,2,2,3,1,1,1,0,6.803505258,Not exposed,2,2,0.4
0,1,0,0,0,6,34,6,1,0,0,2,4,2,3,3,3,2,1,1,3,3,3,1,2,3,0,0,0,3.784189634,Exposed,2.6,2.2,0.4
0,1,0,0,0,3,49,6,2,1,0,2,4,2,2,1,4,3,2,1,2,3,3,3,2,4,1,1,0,7.799753318,Exposed,2.4,2.4,0.571696829
1,1,0,0,0,4,54,3,3,0,0,4,1,2,2,2,4,3,2,3,3,3,4,3,2,1,0,0,0,5.459585514,Not exposed,2.6,3.2,0.4
1,1,0,0,0,6,56,11,2,1,0,2,4,2,3,3,4,4,2,2,2,4,4,5,1,4,1,1,0,6.37331979,Not exposed,3.2,3.4,0.4
1,1,0,0,0,3,60,4,3,0,1,4,3,4,3,3,3,3,3,4,3,4,4,3,3,2,0,0,0,2.079441542,Not exposed,3.2,3.6,0.481109275
0,1,0,0,0,6,30,8,2,1,0,1,4,2,2,3,4,3,2,2,3,2,4,3,2,4,0,0,0,5.476463552,Not exposed,2.8,2.8,0.4
1,1,0,0,0,5,33,9,1,0,1,3,4,3,4,4,3,3,2,1,1,1,4,2,1,3,1,1,0,7.783640596,Exposed,3.4,1.8,0.4
0,0,1,0,0,5,57,7,3,1,0,2,5,1,1,2,3,2,1,1,2,3,4,2,1,4,1,1,0,7.194436851,Exposed,1.8,2.4,0.4
0,1,0,0,0,6,63,2,2,1,0,3,4,1,2,3,4,2,1,4,3,5,5,2,1,3,1,1,0,5.683579767,Exposed,2.4,3.8,0.4
0,0,0,0,1,5,40,8,4,0,1,5,4,2,2,2,2,2,1,4,4,5,3,4,1,3,1,0,0,6.66057515,Not exposed,2,4,1.370889359
1,0,0,0,0,5,63,2,1,1,0,2,2,2,2,2,2,2,2,2,2,3,1,4,2,3,1,1,0,7.356918242,Exposed,2,2.4,0.4
1,0,0,0,0,4,36,4,4,0,0,5,5,1,4,3,4,3,1,1,4,3,4,3,1,3,1,0,0,2.397895273,Not exposed,3,3,0.459020597
1,0,0,0,0,5,57,4,1,0,1,5,3,4,4,5,4,4,2,4,3,5,4,4,2,3,0,0,0,5.796057751,Not exposed,4.2,4,0.4
0,1,0,0,0,5,43,3,3,1,0,1,5,1,2,2,4,3,1,1,3,3,4,3,1,4,0,1,0,4.736198448,Exposed,2.4,2.8,0.4
1,1,0,0,0,2,55,6,3,0,1,4,4,3,3,3,5,3,3,4,2,3,5,3,3,4,0,1,0,4.532599493,Not exposed,3.4,3.4,1.278788584
0,1,0,0,0,5,68,8,4,0,1,5,4,3,3,3,4,3,3,3,3,4,4,3,3,2,1,0,0,6.056784013,Not exposed,3.2,3.4,1.249377162
1,1,0,0,0,6,55,7,2,1,0,3,3,1,2,1,2,2,2,1,2,2,2,1,2,3,0,1,0,5.783825182,Exposed,1.6,1.6,0.4
1,0,1,0,0,6,31,5,3,1,0,2,4,2,2,3,3,2,2,1,3,3,3,2,3,4,0,0,0,4.736198448,Not exposed,2.4,2.4,0.476889728
1,1,0,0,0,6,35,5,3,0,1,4,2,4,3,3,5,4,2,4,2,3,4,3,2,2,0,0,0,4.158883083,Exposed,3.8,3.2,0.4
1,1,0,0,0,2,48,6,3,1,0,4,4,3,2,2,5,2,2,3,2,3,5,3,2,3,0,0,0,1.098612289,Not exposed,2.8,3.2,1.278788584
1,1,0,0,0,5,59,5,2,1,0,3,4,2,2,2,4,3,2,1,2,2,4,3,1,3,0,0,0,2.890371758,Not exposed,2.6,2.4,0.52441144
1,1,0,0,0,6,55,13,3,1,0,2,5,2,2,2,2,2,2,4,4,4,3,2,2,4,1,1,1,7.528331767,Exposed,2,3.4,0.4
0,1,0,0,0,5,63,8,1,1,0,1,4,1,2,2,2,2,2,1,3,2,3,3,2,4,0,1,0,6.272877007,Exposed,1.8,2.4,0.4
1,1,0,0,0,5,61,4,2,0,1,5,4,5,3,4,5,3,4,5,3,4,5,3,4,4,0,1,0,4.007333185,Exposed,4,4,0.52441144
1,1,0,0,0,5,35,8,4,1,0,1,5,1,1,5,2,2,1,1,3,2,2,2,1,4,1,0,0,5.030437921,Not exposed,2.2,2,0.951115622
1,1,0,0,0,2,57,1,3,0,1,5,5,4,3,3,5,1,3,3,2,2,5,1,4,3,0,0,0,5.247024072,Exposed,3.2,2.6,1.278788584
1,0,0,1,0,5,48,9,3,1,0,2,4,2,2,2,3,3,2,2,3,3,3,4,2,4,1,1,0,7.31986493,Not exposed,2.4,3,1.990686624
0,1,0,0,0,5,44,12,1,0,0,4,2,2,2,2,2,3,3,2,1,2,3,3,3,3,0,0,0,6.206575927,Not exposed,2.2,2.2,0.4
1,1,0,0,0,6,25,5,4,1,0,1,3,2,3,2,2,2,2,2,3,2,3,2,3,3,0,0,0,5.834810737,Not exposed,2.2,2.4,0.684826779
1,1,0,0,0,3,25,2,3,0,0,3,4,1,1,1,2,2,2,1,2,2,2,2,3,3,0,0,0,3.988984047,Not exposed,1.4,1.8,0.660000057
1,0,0,0,1,3,34,5,3,0,1,3,4,2,2,2,3,3,1,3,2,3,4,3,2,4,0,0,0,5.834810737,Not exposed,2.4,3,1.365614932
0,1,0,0,0,5,62,9,1,0,0,3,4,3,3,3,3,3,3,3,3,3,3,3,3,3,0,1,1,7.891704659,Exposed,3,3,0.4
1,1,0,0,0,3,43,4,2,1,0,3,3,1,2,2,3,1,1,1,1,2,4,2,2,3,0,0,0,6.075346031,Not exposed,1.8,2,1.128033707
0,0,0,1,0,6,64,10,4,0,0,3,5,1,1,2,5,3,2,1,2,3,5,4,1,4,1,1,0,6.274762021,Not exposed,2.4,3,2.255932039
1,1,0,0,0,3,46,2,3,0,0,3,1,1,1,1,2,1,2,1,1,2,1,1,2,3,1,1,0,7.134093721,Not exposed,1.2,1.2,0.481109275
1,0,1,0,0,4,51,8,1,1,0,1,5,1,1,1,3,1,1,1,1,1,3,1,1,4,1,1,1,5.416100402,Not exposed,1.4,1.4,0.480973483
0,1,0,0,0,2,43,12,2,0,1,3,4,4,3,2,4,2,2,3,2,3,4,3,2,3,1,0,0,3.891820298,Not exposed,3,3,2.099229951
0,1,0,0,0,5,58,9,4,1,0,3,5,1,2,2,3,3,2,2,2,3,4,3,1,4,1,1,0,6.244166901,Not exposed,2.2,2.8,0.482938253
1,1,0,0,0,4,25,6,3,1,0,3,2,2,2,2,3,3,2,2,3,3,3,3,2,2,0,0,0,2.197224577,Not exposed,2.4,2.8,0.447136166
0,1,0,0,0,4,37,4,2,1,0,2,4,1,2,2,3,3,2,2,2,2,3,3,3,4,0,1,0,8.4147174,Not exposed,2.2,2.4,0.531169203
1,1,0,0,0,2,57,5,2,1,0,4,1,1,1,1,4,2,2,1,2,2,4,2,2,3,0,0,0,4.955827058,Not exposed,1.8,2.2,2.193467314
1,1,0,0,0,5,38,3,3,1,0,1,3,1,2,2,3,1,3,1,2,3,3,2,3,3,0,0,0,6.284134161,Not exposed,1.8,2.2,0.422903985
1,1,0,0,0,5,41,5,4,1,0,2,2,3,3,2,2,2,2,3,3,3,3,3,2,3,0,0,0,6.12249281,Not exposed,2.4,3,0.951115622
1,1,0,0,0,5,26,6,2,1,0,1,5,2,2,3,4,2,2,2,2,4,3,2,2,4,0,0,0,2.079441542,Not exposed,2.6,2.6,0.719800341
1,0,1,0,0,3,57,1,2,1,0,2,1,1,1,1,1,1,2,1,2,1,1,1,2,2,1,1,0,7.763871288,Exposed,1,1.2,1.287854286
0,0,0,0,0,2,42,9,3,0,0,3,2,2,2,3,4,3,3,3,2,4,4,3,3,2,0,1,0,6.960347729,Exposed,2.8,3.2,0.556880045
1,0,1,0,0,2,18,5,3,0,0,1,1,1,2,1,4,2,3,1,1,1,2,1,3,3,1,0,0,5.631211782,Exposed,2,1.2,2.18999455
1,1,0,0,0,2,35,10,1,0,0,2,2,2,2,2,3,3,3,3,3,3,5,2,3,2,1,0,0,6.809039306,Exposed,2.4,3.2,1.66138023
1,0,0,1,0,5,50,5,3,0,1,4,5,4,4,3,3,3,3,3,3,3,3,3,4,4,0,0,0,2.890371758,Not exposed,3.4,3,1.990686624
1,1,0,0,0,3,29,9,1,1,0,3,4,2,3,2,5,2,2,1,3,3,4,3,1,3,0,0,0,4.127134385,Not exposed,2.8,2.8,0.622868179
1,0,0,1,0,3,23,6,1,1,0,2,3,1,1,1,1,2,2,1,2,2,2,2,2,3,1,0,0,5.902633333,Not exposed,1.2,1.8,3.214355248
1,1,0,0,0,5,25,5,1,0,0,1,3,2,2,3,2,2,2,2,2,3,2,3,3,3,0,0,0,7.906547232,Not exposed,2.2,2.4,0.4
0,1,0,0,0,3,19,10,3,0,1,4,5,3,2,5,5,5,4,3,2,4,5,4,4,4,1,1,0,7.020190708,Not exposed,4,3.6,0.4
1,1,0,0,0,5,28,6,1,0,0,1,4,1,1,1,2,1,4,1,1,1,2,1,4,3,1,0,0,5.857933154,Not exposed,1.2,1.2,0.4
1,0,0,0,0,5,30,9,3,0,0,1,2,3,3,3,3,3,1,3,3,3,4,4,3,4,0,0,0,3.970291914,Not exposed,3,3.4,0.4
0,1,0,0,0,6,61,10,3,1,0,2,5,1,1,2,4,4,2,1,2,3,4,3,2,4,1,1,0,6.302618976,Not exposed,2.4,2.6,0.4
0,1,0,0,0,2,61,3,1,1,0,2,2,2,2,3,2,2,2,3,4,3,2,3,2,2,0,0,0,4.804021045,Not exposed,2.2,3,0.83927308
0,0,0,0,0,4,25,10,2,0,0,5,5,4,2,4,4,3,4,4,2,4,4,3,4,4,0,1,1,7.68017564,Exposed,3.4,3.4,0.531169203
1,0,1,0,0,3,20,1,2,1,0,1,3,1,3,1,2,2,3,2,3,2,1,1,2,3,0,0,0,6.652863029,Not exposed,1.8,1.8,1.401338931
0,0,0,0,1,3,18,4,1,0,0,3,2,2,2,2,2,2,2,2,2,2,2,2,3,3,1,1,0,6.507277712,Not exposed,2,2,0.708933252
0,1,0,0,0,2,52,4,3,0,0,3,4,3,3,4,4,4,2,3,3,4,5,4,2,4,1,1,0,6.17586727,Not exposed,3.6,3.8,0.889550171
0,1,0,0,0,3,43,4,2,0,1,3,4,2,2,3,4,3,3,2,2,3,3,2,3,3,0,0,0,5.361292166,Not exposed,2.8,2.4,0.785101456
0,0,0,0,1,4,29,6,4,1,0,1,4,2,3,3,3,3,1,2,3,4,4,3,1,4,1,1,0,7.595889918,Exposed,2.8,3.2,1.450969792
1,1,0,0,0,2,25,3,3,0,1,5,3,3,3,3,5,3,2,3,3,3,5,3,2,3,1,1,0,7.276556403,Not exposed,3.4,3.4,1.761595073
1,1,0,0,0,6,58,12,3,1,0,1,5,2,3,1,4,3,2,3,4,4,4,4,1,4,0,0,0,4.532599493,Not exposed,2.6,3.8,0.4
1,1,0,0,0,1,23,2,3,1,0,2,4,1,1,1,1,1,4,3,3,3,3,3,2,3,0,0,0,2.63905733,Not exposed,1,3,4
0,1,0,0,0,5,65,2,1,0,1,5,4,5,3,4,3,2,4,4,1,4,4,3,3,3,0,1,1,6.933423026,Exposed,3.4,3.2,0.522449402
0,1,0,0,0,3,37,4,3,1,0,1,5,1,1,2,1,2,2,1,2,3,1,2,2,4,1,1,0,7.739359203,Exposed,1.4,1.8,0.460829934
0,1,0,0,0,6,39,6,3,0,1,4,5,4,2,5,5,2,3,2,1,3,3,2,3,4,1,1,1,4.406719247,Exposed,3.6,2.2,0.4
0,1,0,0,0,5,52,11,4,1,0,1,5,1,2,2,3,3,2,1,2,3,3,3,2,4,0,0,0,7.18690102,Not exposed,2.2,2.4,0.482938253
1,0,0,1,0,3,21,10,1,1,0,1,4,2,2,2,2,2,2,2,3,3,3,3,2,4,1,1,1,6.293419279,Exposed,2,2.8,3.214355248
1,1,0,0,0,6,59,10,1,1,0,1,5,1,1,2,3,3,1,2,3,3,4,3,1,4,1,0,0,6.202535517,Exposed,2,3,0.4
0,1,0,0,0,6,55,12,2,1,0,2,5,2,2,2,3,3,1,3,3,4,4,3,2,4,0,0,0,0,Not exposed,2.4,3.4,0.4
0,1,0,0,0,6,44,12,4,1,0,2,4,1,2,2,4,5,1,1,3,4,5,5,1,4,0,0,0,5.379897354,Not exposed,2.8,3.6,0.478030831
0,1,0,0,0,5,60,14,4,1,0,1,5,1,1,2,3,3,2,1,2,2,4,3,3,4,1,1,0,7.325148958,Exposed,2,2.4,0.482938253
0,1,0,0,0,6,36,13,1,0,1,4,5,5,3,5,5,4,2,4,3,4,4,4,4,4,0,1,0,2.397895273,Not exposed,4.4,3.8,0.4
1,1,0,0,0,5,54,9,2,0,1,4,5,5,3,3,4,3,4,4,3,3,4,3,4,3,1,1,0,5.940171253,Exposed,3.6,3.4,0.52441144
1,1,0,0,0,6,41,7,4,1,0,1,2,1,1,3,3,2,1,2,2,3,3,3,1,3,0,0,0,5.905361848,Not exposed,2,2.6,0.684826779
0,1,0,0,0,3,37,10,2,0,1,5,4,3,3,3,3,3,3,3,3,3,4,3,3,3,1,1,1,7.569411792,Exposed,3,3.2,0.785101456
0,1,0,0,0,4,59,4,4,0,1,5,4,3,2,3,4,3,3,3,3,3,4,3,3,3,0,1,1,7.123672785,Exposed,3,3.2,0.510707207
1,1,0,0,0,2,36,2,2,0,1,5,2,5,3,5,5,2,4,5,3,5,5,2,3,1,0,0,0,0,Not exposed,4,4,3.024766273
0,0,1,0,0,6,55,4,1,1,0,2,4,3,3,3,3,3,2,3,3,4,5,4,2,3,1,1,0,4.836281907,Not exposed,3,3.8,0.4
0,1,0,0,0,1,58,10,4,0,1,5,5,4,2,5,5,3,3,5,1,4,5,4,4,4,1,1,0,6.124683391,Not exposed,3.8,3.8,4
0,1,0,0,0,6,33,6,3,1,0,1,4,2,2,2,1,1,1,1,1,2,1,1,2,4,1,0,0,8.196161139,Exposed,1.6,1.2,0.4
0,1,0,0,0,6,35,9,4,1,0,5,4,2,3,1,4,3,2,2,4,4,3,3,3,3,1,0,0,8.713253274,Exposed,2.6,3.2,0.478030831
0,1,0,0,0,1,59,2,3,0,1,5,3,4,3,4,4,3,4,5,2,2,4,3,3,2,0,0,0,4.859812404,Not exposed,3.6,3.2,2.744954263
1,1,0,0,0,6,31,9,1,1,0,1,5,2,3,3,3,3,2,2,3,4,4,3,2,4,1,1,0,6.577861358,Exposed,2.8,3.2,0.4
0,1,0,0,0,3,19,10,1,1,0,2,5,1,3,3,4,2,2,2,3,4,3,3,1,4,1,1,0,7.247792582,Exposed,2.6,3,0.4
1,0,1,0,0,1,51,2,1,0,1,3,4,4,4,4,4,4,1,4,4,4,4,4,1,4,1,0,0,5.641907071,Not exposed,4,4,4
1,0,1,0,0,2,34,2,3,1,0,2,2,2,3,3,2,4,2,3,3,3,5,4,2,3,0,1,0,4.564348191,Not exposed,2.8,3.6,2.774311921
1,0,0,0,1,5,30,8,3,0,1,1,5,3,2,2,2,3,2,3,3,2,4,3,3,3,0,1,0,6.508769137,Not exposed,2.4,3,0.870509591
1,1,0,0,0,6,39,11,1,1,0,1,5,1,1,2,4,3,1,3,2,3,4,3,1,4,1,0,0,4.86753445,Not exposed,2.2,3,0.4
0,1,0,0,0,2,46,6,3,0,1,5,5,5,4,4,4,3,2,5,5,5,5,5,2,2,1,0,0,6.613384218,Not exposed,4,5,0.889550171
0,1,0,0,0,6,24,7,2,1,0,1,5,1,2,2,3,2,1,1,1,3,3,2,1,4,0,1,0,8.942460927,Exposed,2,2,0.4
0,0,1,0,0,3,37,2,3,1,0,2,4,1,2,2,3,2,2,1,1,1,3,2,2,4,0,0,0,4.17438727,Not exposed,2,1.6,0.720806755
0,0,0,0,1,5,32,7,2,0,1,5,5,3,2,3,4,4,3,3,3,3,4,4,3,4,1,1,0,6.513230111,Exposed,3.2,3.4,1.03622512
0,1,0,0,0,4,40,4,4,0,1,5,4,3,3,3,4,4,2,3,3,3,4,4,3,4,1,0,0,4.795790546,Exposed,3.4,3.4,0.700874796
1,1,0,0,0,6,43,16,3,0,1,5,5,3,3,3,3,2,3,3,3,3,4,2,3,4,0,1,0,5.811140993,Exposed,2.8,3,0.4
0,1,0,0,0,2,64,8,3,0,1,4,5,3,3,4,4,4,2,3,3,4,5,3,3,4,1,1,1,7.220373837,Exposed,3.6,3.6,0.889550171
1,1,0,0,0,3,28,4,3,0,1,5,4,5,5,4,5,4,2,5,4,3,5,2,2,4,1,0,0,6.255750042,Exposed,4.6,3.8,0.660000057
1,0,0,0,0,5,54,4,3,1,0,1,4,1,1,2,3,2,2,1,2,3,4,3,2,4,0,0,0,5.874930731,Not exposed,1.8,2.6,0.4
1,1,0,0,0,1,27,1,3,0,1,5,3,2,2,2,2,2,4,1,1,1,1,1,4,3,0,0,0,6.80461452,Exposed,2,1,4
1,1,0,0,0,3,21,11,3,1,0,2,4,2,2,2,3,2,3,2,3,2,3,3,3,3,1,1,0,6.533788838,Exposed,2.2,2.6,0.522859234
1,1,0,0,0,2,20,11,3,1,0,1,4,1,2,2,3,4,3,2,2,3,4,2,2,3,0,0,0,4.025351691,Not exposed,2.4,2.6,1.391467119
1,0,0,1,0,5,23,11,3,1,0,2,2,2,3,3,3,3,3,2,3,3,3,3,3,2,1,1,0,5.093750201,Exposed,2.8,2.8,2.166666178
1,1,0,0,0,2,21,2,2,0,1,3,3,3,3,3,3,3,2,3,3,3,3,3,2,3,0,0,0,2.302585093,Not exposed,3,3,2.387477855
0,1,0,0,0,2,70,3,2,0,1,5,3,5,4,4,4,4,3,5,2,1,5,2,3,3,0,1,1,7.217443432,Exposed,4.2,3,3.981321009
0,1,0,0,0,2,53,1,1,0,1,3,3,5,1,5,5,3,3,5,1,5,5,3,4,4,1,1,0,5.726847748,Exposed,3.8,3.8,0.83927308
0,1,0,0,0,4,40,6,2,0,1,5,5,5,3,5,5,5,3,4,2,5,3,4,2,4,1,1,1,7.520776415,Exposed,4.6,3.6,0.531169203
0,1,0,0,0,3,71,4,2,0,1,4,5,4,4,4,5,4,3,5,4,4,5,5,3,4,1,1,1,5.241747015,Exposed,4.2,4.6,1.482458985
0,0,0,0,1,6,51,12,1,1,0,1,4,1,2,2,2,3,2,1,3,3,3,3,2,4,0,0,0,7.089243155,Not exposed,2,2.6,0.4
1,1,0,0,0,5,64,12,3,0,1,5,3,4,3,2,1,2,1,3,2,1,2,3,1,3,0,0,0,6.466144724,Not exposed,2.4,2.2,0.4
0,1,0,0,0,3,57,4,4,0,1,5,3,4,3,4,4,3,4,4,3,4,5,3,4,4,0,1,1,6.96979067,Exposed,3.6,3.8,0.754639337
0,0,1,0,0,5,58,11,3,1,0,2,5,1,1,2,3,2,2,1,2,2,2,1,2,4,1,0,0,6.476972363,Not exposed,1.8,1.6,0.4
0,0,0,0,0,4,40,6,3,0,1,4,4,3,4,4,5,2,3,3,3,4,5,2,2,3,1,0,0,4.770684624,Not exposed,3.6,3.4,0.4
0,0,0,0,1,2,30,9,4,0,1,2,4,4,4,4,3,4,2,4,4,3,4,3,2,3,1,1,0,5.288267031,Not exposed,3.8,3.6,4
0,1,0,0,0,6,68,11,3,0,1,3,5,5,4,4,4,2,3,5,2,5,5,3,4,4,0,1,0,6.315358002,Exposed,3.8,4,0.4
0,1,0,0,0,6,22,10,2,0,1,4,3,3,3,3,4,3,2,4,3,4,3,4,2,3,1,1,0,6.923628628,Exposed,3.2,3.6,0.4
0,1,0,0,0,5,63,8,2,0,1,4,4,3,3,2,3,2,3,3,3,4,3,2,2,4,1,1,0,5.978885765,Not exposed,2.6,3,0.4
0,1,0,0,0,4,71,9,2,0,1,4,5,5,3,4,5,2,4,5,2,3,5,3,4,4,1,1,1,5.135798437,Exposed,3.8,3.6,0.999597785
0,1,0,0,0,5,50,13,1,0,1,5,5,4,3,3,5,3,3,4,3,3,5,5,3,4,0,1,1,6.957497371,Exposed,3.6,4,0.4
0,0,0,1,0,4,64,7,4,0,1,5,5,5,4,5,5,4,4,5,2,5,5,4,4,4,0,1,0,6.293419279,Exposed,4.6,4.2,3.32815626
0,1,0,0,0,4,69,4,4,0,1,4,4,3,2,3,5,2,3,3,1,3,5,2,3,3,1,1,1,9.331584079,Exposed,3,2.8,1.322299
0,1,0,0,0,2,28,6,3,0,1,4,5,4,4,4,4,3,3,4,3,4,4,3,3,3,1,0,0,4.983606622,Not exposed,3.8,3.6,1.224056878
0,1,0,0,0,4,67,10,2,0,1,5,4,3,2,3,5,3,3,3,1,3,4,2,3,4,0,1,0,7.504391559,Not exposed,3.2,2.6,0.999597785
0,1,0,0,0,5,57,5,2,0,1,4,4,4,3,4,3,4,2,3,4,5,4,3,2,3,0,0,0,4.605170186,Not exposed,3.6,3.8,0.4
0,1,0,0,0,5,43,9,1,0,1,5,3,4,3,3,4,3,2,2,3,3,2,3,1,3,0,1,0,5.774551546,Not exposed,3.4,2.6,0.4
0,1,0,0,0,1,57,6,3,0,1,5,4,4,3,4,5,5,3,4,3,4,5,4,3,3,1,1,0,4.941642423,Not exposed,4.2,4,2.744954263
0,0,0,0,1,5,58,8,3,0,1,5,3,5,2,3,5,3,3,5,3,4,5,4,3,3,0,1,0,6.089044875,Exposed,3.6,4.2,0.442498766
0,1,0,0,0,2,65,3,3,0,1,5,5,5,2,4,5,5,4,5,2,4,5,5,4,4,0,0,0,4.927253685,Not exposed,4.2,4.2,2.317148317
0,1,0,0,0,5,50,12,2,0,1,5,5,5,1,3,5,3,4,5,1,2,5,3,4,4,1,1,1,7.985484357,Exposed,3.4,3.2,0.4
0,1,0,0,0,3,56,4,2,0,1,4,5,5,2,3,5,2,4,4,1,2,5,3,4,4,0,1,1,6.538139824,Exposed,3.4,3,0.571696829
0,1,0,0,0,4,60,6,3,0,1,5,4,4,3,4,5,3,3,4,2,3,4,2,3,4,0,1,0,2.302585093,Not exposed,3.8,3,0.4
0,1,0,0,0,2,40,3,3,0,1,5,3,4,3,2,3,3,3,2,4,3,1,2,3,3,1,0,0,5.65248918,Not exposed,3,2.4,1.224056878
0,1,0,0,0,2,59,8,1,0,1,5,4,4,2,5,5,3,3,4,3,4,5,3,3,4,0,1,0,5.541263545,Not exposed,3.8,3.8,0.83927308
0,1,0,0,0,3,57,4,3,0,0,3,2,1,1,2,4,3,3,1,2,2,4,3,2,3,0,0,0,6.508769137,Exposed,2.2,2.4,0.4
0,1,0,0,0,5,29,5,4,1,0,3,4,4,2,2,2,2,1,2,2,1,2,3,3,3,1,0,0,6.588926478,Not exposed,2.4,2,0.662525874
1,1,0,0,0,4,64,8,4,0,0,3,4,2,2,3,4,3,2,2,3,3,3,4,2,4,1,1,0,7.132497552,Exposed,2.8,3,0.731989857
0,1,0,0,0,5,23,12,2,0,0,1,5,2,2,2,1,2,2,1,1,1,1,1,2,4,0,0,0,5.384495063,Not exposed,1.8,1,0.4
0,1,0,0,0,6,80,12,2,1,0,1,4,1,2,3,4,3,1,3,3,3,3,4,1,4,0,1,1,8.177796683,Exposed,2.6,3.2,0.680178933
0,1,0,0,0,5,67,9,3,0,0,3,4,2,2,2,2,3,1,1,2,3,3,3,1,4,1,0,0,5.147494477,Not exposed,2.2,2.4,0.553481482
0,1,0,0,0,5,75,5,3,0,0,2,5,1,2,2,4,3,2,2,3,4,4,3,1,4,1,0,0,4.86753445,Not exposed,2.4,3.2,0.553481482
1,1,0,0,0,5,71,2,1,1,0,1,5,2,2,2,4,2,2,1,2,2,3,3,2,4,0,1,0,5.723585102,Not exposed,2.4,2.2,0.748937823
0,1,0,0,0,4,76,12,3,1,0,3,5,1,2,1,4,2,2,1,2,2,4,2,1,4,0,0,0,7.87397838,Not exposed,2,2.2,0.585406319
0,1,0,0,0,6,85,12,4,0,0,4,5,2,2,3,3,3,1,2,3,4,4,3,2,4,0,1,1,8.109826276,Exposed,2.6,3.2,0.898553283
1,1,0,0,0,3,54,8,2,1,0,3,4,2,2,3,3,3,1,3,4,4,4,4,1,4,0,0,0,5.517452896,Exposed,2.6,3.8,0.820018541
0,1,0,0,0,5,32,5,3,1,0,3,4,4,3,4,5,4,2,1,2,4,4,3,2,4,0,0,0,5.049856007,Not exposed,4,2.8,0.4
1,1,0,0,0,5,31,12,2,1,0,3,3,3,3,3,4,3,2,3,3,3,4,3,2,3,0,0,0,7.116394144,Not exposed,3.2,3.2,0.719800341
0,1,0,0,0,3,59,9,1,1,0,2,4,2,1,2,5,3,2,2,2,3,5,2,2,4,0,0,0,3.33220451,Not exposed,2.6,2.8,0.4
0,1,0,0,0,5,26,5,3,1,0,1,5,1,1,1,1,1,2,1,1,1,1,1,3,4,1,1,0,7.53796266,Not exposed,1,1,0.4
0,1,0,0,0,2,70,2,3,0,0,5,5,4,2,3,5,3,3,5,2,3,5,3,3,4,1,1,1,6.317164687,Exposed,3.4,3.6,2.317148317
0,0,0,1,0,3,52,2,3,0,0,3,5,4,3,5,5,3,3,5,2,5,5,3,4,4,1,1,1,7.151485464,Exposed,4,4,2.173169111
1,1,0,0,0,3,35,5,3,1,0,2,5,1,1,1,2,2,2,1,2,2,3,3,2,4,1,1,1,8.913011922,Exposed,1.4,2.2,0.660000057
0,1,0,0,0,6,61,8,1,0,0,2,4,1,2,2,4,3,2,1,2,3,4,2,2,4,0,1,0,7.377758908,Not exposed,2.4,2.4,0.4
1,1,0,0,0,4,57,8,1,0,1,5,4,4,2,4,4,3,2,3,3,3,4,3,3,3,1,1,0,7.61085279,Exposed,3.4,3.2,0.4
0,1,0,0,0,6,43,11,3,0,1,3,5,5,5,5,5,5,1,4,5,5,5,4,1,4,0,0,0,3.871201011,Not exposed,5,4.6,0.4
0,1,0,0,0,6,59,11,1,0,0,3,5,1,2,5,3,1,3,1,1,5,4,1,2,4,1,1,1,8.104401308,Exposed,2.4,2.4,0.4
0,1,0,0,0,5,45,3,4,0,0,3,5,1,2,2,3,3,2,1,2,2,3,3,2,4,1,1,0,8.56902634,Exposed,2.2,2.2,0.482938253
1,1,0,0,0,2,50,6,3,0,1,4,3,4,2,2,5,4,3,4,2,2,5,2,3,3,0,1,0,4.691347882,Exposed,3.4,3,1.278788584
1,1,0,0,0,3,60,3,4,0,0,3,3,2,2,3,4,3,2,2,2,4,5,3,2,3,0,0,0,4.65396035,Not exposed,2.8,3.2,1.084066551
1,0,0,1,0,4,31,2,3,1,0,2,3,3,2,3,4,3,2,3,3,3,3,3,2,3,0,0,0,1.386294361,Not exposed,3,3,2.905742854
1,1,0,0,0,5,33,11,1,1,0,1,5,1,2,2,1,2,3,1,3,3,1,3,2,3,1,0,0,7.950854858,Not exposed,1.6,2.2,0.4
0,1,0,0,0,3,62,4,1,0,1,5,5,5,3,4,5,3,4,3,1,3,4,2,3,3,1,0,0,5.765191103,Not exposed,4,2.6,0.4
1,1,0,0,0,3,43,4,3,0,0,3,3,2,3,3,3,3,3,3,3,3,3,3,3,4,0,1,1,6.208590026,Exposed,2.8,3,0.660000057
1,1,0,0,0,5,73,9,4,1,0,2,5,1,1,2,3,3,2,1,1,2,3,3,2,4,0,1,0,5.85220248,Not exposed,2,2,1.79814082
1,1,0,0,0,5,35,11,4,1,0,2,4,2,2,3,4,2,3,2,2,3,4,3,2,3,1,1,0,6.133398043,Not exposed,2.6,2.8,0.951115622
1,1,0,0,0,2,52,3,4,0,1,4,3,5,4,4,5,3,2,3,3,3,4,3,3,3,0,0,0,5.823045895,Not exposed,4.2,3.2,2.906103769
0,0,0,0,0,5,65,3,4,1,0,1,4,1,2,3,2,2,1,1,2,3,4,4,1,4,0,0,0,6.061456919,Exposed,2,2.8,0.56826761
0,1,0,0,0,3,62,9,1,1,0,1,5,1,1,1,5,4,2,1,1,2,5,4,1,4,0,1,0,6.350885717,Exposed,2.4,2.6,0.4
1,1,0,0,0,5,22,6,3,1,0,2,4,3,3,3,4,3,2,2,3,3,4,3,2,4,1,1,0,7.818832444,Exposed,3.2,3,0.4
0,1,0,0,0,5,50,11,2,0,0,1,4,1,2,1,2,2,3,1,2,1,2,2,3,4,1,0,0,7.175489714,Not exposed,1.6,1.6,0.4
0,1,0,0,0,5,35,12,1,1,0,1,5,1,2,3,4,2,1,2,3,4,5,2,2,4,1,1,0,7.054449658,Exposed,2.4,3.2,0.4
0,1,0,0,0,4,63,9,3,1,0,1,5,2,3,3,4,3,2,1,3,4,3,2,2,4,0,0,0,4.890349128,Not exposed,3,2.6,0.4
0,0,0,1,0,5,40,7,1,0,0,2,1,2,2,2,2,2,3,2,2,2,2,2,4,2,0,0,0,3.912023005,Not exposed,2,2,1.796768685
0,1,0,0,0,6,52,2,3,0,0,3,2,2,2,2,4,4,2,2,1,3,4,2,3,3,0,1,0,6.352629396,Exposed,2.8,2.4,0.4
0,0,0,0,0,6,54,5,2,0,0,5,3,3,3,3,3,3,3,4,3,3,4,3,2,3,0,0,0,3.583518938,Exposed,3,3.4,0.4
1,1,0,0,0,5,28,8,1,1,0,1,5,2,2,3,2,2,2,3,3,3,3,2,2,4,1,0,0,6.689599269,Not exposed,2.2,2.8,0.4
1,1,0,0,0,5,33,6,1,1,0,1,3,1,1,1,1,1,3,1,2,2,1,1,2,3,1,0,0,5.272999559,Not exposed,1,1.4,0.4
1,1,0,0,0,6,66,7,4,0,0,3,5,1,1,4,5,3,1,1,4,5,5,4,1,4,1,1,0,6.354370041,Exposed,2.8,3.8,1.291783124
1,0,0,1,0,4,31,1,1,1,0,1,1,1,1,1,2,2,4,2,1,3,4,2,2,1,0,0,0,5.236441963,Not exposed,1.4,2.4,2.740008257
1,1,0,0,0,2,54,2,1,0,0,3,5,1,1,1,1,1,4,1,1,1,1,1,3,3,1,0,0,5.855071922,Exposed,1,1,1.20622171
0,0,0,1,0,5,41,7,3,1,0,3,4,3,3,4,4,4,2,4,3,5,3,3,2,4,0,1,0,5.579729826,Not exposed,3.6,3.6,1.905207511
0,0,1,0,0,3,63,12,2,0,0,1,1,1,1,1,1,1,2,1,1,1,1,1,2,4,0,0,0,7.270312886,Exposed,1,1,0.895831235
0,1,0,0,0,5,35,12,4,1,0,1,5,4,4,4,4,4,2,4,4,4,4,3,2,4,1,0,0,7.821242084,Exposed,4,3.8,0.662525874
